,Yes,No
count,21.0,35.0
mean,172.0,345.3142857142857
std,76.39306251224649,227.44382259576713
min,61.0,96.0
25%,113.0,161.5
50%,191.0,246.0
75%,213.0,438.0
max,351.0,910.0
